Projet,Statut_Actuel,Cout_Total_FCFA,Priorite,Recommandation,Action_Immediate
Pension / Scolarité Enfants > 6M (6),En cours,"6,500,000",CRITIQUE,MAINTENIR - Essentiel pour les enfants,Aucune - Conserver budget
   Suivi jusqu'au titre foncier par Mme Nina Tsopze,En cours,"2,815,000",REPORTABLE,ÉCHELONNER sur 2025-2026,Renégocier calendrier paiement
Alix: 2 implants sur 3 (4k€ = 2M600k),Non défini,"2,000,000",REPORTABLE,REPORTER - Sauf urgence médicale,Évaluer urgence médicale
Cotisation Tata Lucie /m (19),En cours,"1,900,000",ESSENTIEL,MAINTENIR - Nécessaire fonctionnement,Négocier réduction 10-15%
   Descente Mejeuh et Johny Baleng,TERMINE,"1,764,969",À ÉVALUER,Analyser cas par cas,Révision nécessaire
Fixer l'ancien immeuble ,En cours,"1,600,004",REPORTABLE,ÉCHELONNER sur 2025-2026,Renégocier calendrier paiement
Chauffeur /m (8) ,En cours,"1,229,000",ESSENTIEL,MAINTENIR - Nécessaire fonctionnement,Négocier réduction 10-15%
Plomberie : Rez de chaussée,TERMINE,"1,181,600",À ÉVALUER,Analyser cas par cas,Révision nécessaire
M. Janvier ,En cours,"1,140,000",ESSENTIEL,MAINTENIR - Nécessaire fonctionnement,Négocier réduction 10-15%
Electricité: Rénovation du plan électrique Logbaba > 2M /m (11),TERMINE,"1,118,001",À ÉVALUER,Analyser cas par cas,Révision nécessaire
Célébration 15 ans mariage > 2M > Dec25 ou Jan26 /m (3),Pas démarré,"1,100,000",REPORTABLE,REPORTER 2026 - Économie 1.1M FCFA,Reporter et réduire budget
Assurance maladie > 1M/an /m (20),Pas démarré,"1,000,000",À ÉVALUER,Analyser cas par cas,Révision nécessaire
70 ans Papa Dec25 > 1M /m (4+5),TERMINE,"1,000,000",À ÉVALUER,Analyser cas par cas,Révision nécessaire
  Payer accumulateur > 700k,TERMINE,"800,000",À ÉVALUER,Analyser cas par cas,Révision nécessaire
  Exposition Uriel - Tableau > 450k,TERMINE,"800,000",À ÉVALUER,Analyser cas par cas,Révision nécessaire
Argent de côté pour les imprévus /m (18),En cours,"700,000",À ÉVALUER,Analyser cas par cas,Révision nécessaire
Audit ancien immeuble,En cours,"600,501",REPORTABLE,ÉCHELONNER sur 2025-2026,Renégocier calendrier paiement
Mettre en location 2 Meublés,Pas démarré,"600,501",À ÉVALUER,Analyser cas par cas,Révision nécessaire
  Passeport d'Uriel + visa sortie = 182500,TERMINE,"582,500",À ÉVALUER,Analyser cas par cas,Révision nécessaire
Hospitalisation & Maladies,Non défini,"499,610",À ÉVALUER,Analyser cas par cas,Révision nécessaire
Exposition Uriel Oct-Nov 2025 k/m (9),En cours,"420,385",À ÉVALUER,Analyser cas par cas,Révision nécessaire
Piano Naelle > 300k,Pas démarré,"415,000",À ÉVALUER,Analyser cas par cas,Révision nécessaire
Stephnane (CI),Non défini,"405,000",À ÉVALUER,Analyser cas par cas,Révision nécessaire
    Acheter  suppresseur,Pas démarré,"400,400",À ÉVALUER,Analyser cas par cas,Révision nécessaire
Vacances à Dschang ,Non défini,"400,000",À ÉVALUER,Analyser cas par cas,Révision nécessaire
Voyage avec Alix et enfants en Suisse > 23 juin au 15 août 2026: 10k€,Pas démarré,"400,000",CRITIQUE,MAINTENIR - Essentiel pour les enfants,Aucune - Conserver budget
Cotisation Alban - Assoc Bandja Logbaba,Non défini,"340,000",ESSENTIEL,MAINTENIR - Nécessaire fonctionnement,Négocier réduction 10-15%
"Faire un devis pour refaire 4 portes : cuisine, chambre des etrangers,",Pas démarré,"300,700",À ÉVALUER,Analyser cas par cas,Révision nécessaire
Rafraichir les murs de la maison. Peinture,Pas démarré,"300,000",À ÉVALUER,Analyser cas par cas,Révision nécessaire
Ibrahim (Dschang),En cours,"204,400",À ÉVALUER,Analyser cas par cas,Révision nécessaire
Maladie soins Uriel et Nell-Henri ,Non défini,"200,000",À ÉVALUER,Analyser cas par cas,Révision nécessaire
  dépense nourriture voyage ,Non défini,"189,950",REPORTABLE,REPORTER 2026 - Économie 8.2M FCFA,Reporter immédiatement
  Refaire careaux 2 douches du bas (13) 500k,TERMINE,"186,500",À ÉVALUER,Analyser cas par cas,Révision nécessaire
peinture (après plomberie),TERMINE,"150,000",À ÉVALUER,Analyser cas par cas,Révision nécessaire
Logbaba: maçonnerie raccords après plomberie,TERMINE,"115,000",À ÉVALUER,Analyser cas par cas,Révision nécessaire
   Maçonnerie ,Non défini,"115,000",À ÉVALUER,Analyser cas par cas,Révision nécessaire
Chef Baleng Panier beau père ,Non défini,"101,500",À ÉVALUER,Analyser cas par cas,Révision nécessaire
  Frais de Visa: 28k Naelle + 57k Alix + 15k transport yde,TERMINE,"100,000",À ÉVALUER,Analyser cas par cas,Révision nécessaire
Auto Latre,Non défini,"80,000",À ÉVALUER,Analyser cas par cas,Révision nécessaire
Achat Starlink,TERMINE,"70,000",À ÉVALUER,Analyser cas par cas,Révision nécessaire
Vendre puis Acheter nouvelle voiture 8M,TERMINE,"64,409",À ÉVALUER,Analyser cas par cas,Révision nécessaire
