Phase,Priorité,Action,Montant_FCFA,Impact_Budget,Échéance,Responsable
IMMEDIAT,CRITIQUE,Sécuriser financement scolarité janvier,1700000,Maintien éducation enfants,15 jan 2025,William/Alix
IMMEDIAT,CRITIQUE,Négocier report voyage Suisse partiel,4094796,Réduction déficit 16%,20 jan 2025,Famille
IMMEDIAT,CRITIQUE,Établir facilité bancaire urgence,10000000,Couverture trésorerie T1,31 jan 2025,William
COURT_TERME,IMPORTANT,Renégocier échelonnement titre foncier,2815000,Étalement sur 24 mois,15 mar 2025,Alix
COURT_TERME,IMPORTANT,Reporter implants dentaires Alix,2000000,Report vers mi-2025,30 mar 2025,Alix
COURT_TERME,IMPORTANT,Optimiser revenus William (écart 6M),6000000,Clarification budget,30 avr 2025,William
MOYEN_TERME,STRUCTUREL,Évaluer ROI projets immobiliers,5000000,Rentabilité long terme,30 jun 2025,Couple
MOYEN_TERME,STRUCTUREL,Planifier budget 2026,15000000,Projets reportés 2026,31 oct 2025,Famille
MOYEN_TERME,STRUCTUREL,Optimiser fiscalité Suisse-Cameroun,1000000,Économies fiscales,31 dec 2025,William
